﻿<?xml version="1.0" encoding="UTF-8"?>

<!--
File: DefaultFont.xml
Description:
This is a substitute font settings file which points to the actual version of the
actual font we want to use.

Todo:
1) Need to connect to an external DTD, schema, whatever for validation.

-->


<root>
    <section>
        <sectionID>FontInformation</sectionID>
        <description>General information for this typeface family.</description>
        <setting>
            <name>Substitute Font Name</name>
            <key>substituteFontName</key>
            <description>If there are multiple versions this font in the system, this value will point to the latest most stable font.</description>
            <type>string</type>
            <value>Charis SIL_4.106</value>
        </setting>
    </section>
</root>

