﻿<?xml version="1.0" encoding="UTF-8"?>


<!--
File: tocTex.xml
Description:
This contains all the layout and format values for a book publication.

Todo:
1) Need to connect to an external DTD, schema, whatever for validation.

-->


<root>
    <section>
        <name>Fonts</name>
        <sectionID>Fonts</sectionID>
        <description>Information for fonts used in the publication project.</description>
        <setting>
            <name>Font Size Unit</name>
            <description>Using a value in points (pt), this scales the font size of all elements according to the amount of the value. 1pt is equal to 100%. Example, to decrease the size by 5%, enter the value .095pt. Default = 1pt</description>
            <key>fontSizeUnit</key>
            <type>integer</type>
            <value>1pt</value>
            <texCode>\FontSizeUnit=[v]</texCode>
        </setting>
        <setting>
            <name>Line Spacing Factor</name>
            <description>Scaling factor used to adjust line spacing (leading), relative to font size  Default = 1.1</description>
            <key>lineSpacingFactor</key>
            <type>integer</type>
            <value>1.1</value>
            <texCode>\def\LineSpacingFactor{[v]}</texCode>
        </setting>
        <setting>
            <name>Vertical Space Factor</name>
            <description>Scaling factor used to adjust amount of vertical spaces applied for USFM style sheet SpaceBefore and SpaceAfter values.   Default = 0.2</description>
            <key>verticalSpaceFactor</key>
            <type>integer</type>
            <value>1</value>
            <texCode>\def\VerticalSpaceFactor{[v]}</texCode>
        </setting>
    </section>
    <section>
        <name>Header and Footer</name>
        <sectionID>HeaderFooter</sectionID>
        <description>Header/Footer settings in this section</description>
        <setting>
            <name>Use Running Header Rule</name>
            <description>If this is set to true a rule will be placed in the header according to the Running Header Rule Position.   Default = False</description>
            <key>useRunningHeaderRule</key>
            <type>boolean</type>
            <value>False</value>
        </setting>
        <setting>
            <name>Header Position</name>
            <description>Relative position of the baseline of the header to the top edge of the paper (not the text area)   Default = 0.5mm</description>
            <key>headerPosition</key>
            <type>integer</type>
            <value>0.5</value>
            <texCode>\def\HeaderPosition{[v]}</texCode>
        </setting>
        <setting>
            <name>Running Header Rule Position</name>
            <description>Position of rule under the running head if used.  It is measured from the baseline of the header.  This is a simple dimension, not a relative "factor".   Default = 4mm</description>
            <key>runningHeaderRulePosition</key>
            <type>integer</type>
            <value>4</value>
            <boolDependTrue>layoutConfig:HeaderFooter:useRunningHeaderRule</boolDependTrue>
            <texCode>\RHruleposition=[vm]</texCode>
        </setting>
        <setting>
            <name>Footer Position</name>
            <description>Position of the baseline of the footer relative to the bottom edge of the paper (not the text area).   Default = 0.5mm</description>
            <key>footerPosition</key>
            <type>integer</type>
            <value>0.5</value>
            <texCode>\def\FooterPosition{[v]}</texCode>
        </setting>
    </section>
    <section>
        <name>Header Content</name>
        <sectionID>HeaderContent</sectionID>
        <description>Information to include in the running header (at top of pages, except first) We set the items to print at left/center/right of odd and even pages separately   Possible contents:      \bookname = the name of the book as defined in \h      \rangeref = Scripture reference of the range of text on the page;      \firstref = reference of the first verse on the page)      \lastref = reference of the last verse on the page)      \pagenumber = the page number      \empty = print nothing in this position To follow are each of the individual position.</description>
        <setting>
            <name>Use Running Header</name>
            <description>Set this to true if you want to have a running header line in your document. (Defalt = True)</description>
            <key>useRunningHeader</key>
            <type>boolean</type>
            <value>True</value>
        </setting>
        <setting>
            <name>Show Verse References (Running Header)</name>
            <description>Set this to true if you want to include verse numbers in header/footer references, or only chapter numbers. (ptx2pdf syntax = \VerseRefstrue)   Default = False (Only chapter numbers)</description>
            <key>showVerseReferences</key>
            <type>boolean</type>
            <value>True</value>
            <boolDependTrue>layoutConfig:HeaderContent:showVerseReferences</boolDependTrue>
            <texCode>\VerseRefstrue</texCode>
        </setting>
        <setting>
            <name>Omit Book Reference (Running Header)</name>
            <description>Omit the book name in the running header (RH). Default = False</description>
            <key>omitBookReference</key>
            <type>boolean</type>
            <value>False</value>
            <boolDependTrue>layoutConfig:HeaderContent:omitBookReference</boolDependTrue>
            <texCode>\OmitBookReftrue</texCode>
        </setting>
        <setting>
            <name>Omit Chapter Number (Running Header)</name>
            <description>Omit the chapter numbers in the running header (RH). Default = False</description>
            <key>omitChapterNumberRH</key>
            <type>boolean</type>
            <value>False</value>
            <boolDependTrue>layoutConfig:HeaderContent:omitChapterNumberRH</boolDependTrue>
            <texCode>\OmitChapterNumberRHtrue</texCode>
            <note>This is not implemented in texCode but can be found in the standard ptx2pdf macro package.</note>
        </setting>
        <setting>
            <name>Running Header Title (Left Side)</name>
            <description>This will specify what can go in the running header at this specific position. Key words that can be used are: (bookname | rangeref | firstref | lastref | pagenumber | empty) (ptx2pdf syntax = \RHtitleleft{})   Default = empty</description>
            <key>runningHeaderTitleLeft</key>
            <type>string</type>
            <value>empty</value>
            <texCode>\def\RHtitleleft{\[v]}</texCode>
        </setting>
        <setting>
            <name>Running Header Title (Center)</name>
            <description>This will specify what can go in the running header at this specific position. Key words that can be used are: (bookname | rangeref | firstref | lastref | pagenumber | empty) (ptx2pdf syntax = \RHtitlecenter{})   Default = empty</description>
            <key>runningHeaderTitleCenter</key>
            <type>string</type>
            <value>empty</value>
            <texCode>\def\RHtitlecenter{\[v]}</texCode>
        </setting>
        <setting>
            <name>Running Header Title (Right Side)</name>
            <description>This will specify what can go in the running header at this specific position. Key words that can be used are: (bookname | rangeref | firstref | lastref | pagenumber | empty) (ptx2pdf syntax = \RHtitleright{})   Default = empty</description>
            <key>runningHeaderTitleRight</key>
            <type>string</type>
            <value>empty</value>
            <texCode>\def\RHtitleright{\[v]}</texCode>
        </setting>
        <setting>
            <name>Running Header Odd (Left/Inside Of The Page)</name>
            <description>This will specify what can go in the running header at this specific position. Key words that can be used are: (bookname | rangeref | firstref | lastref | pagenumber | empty) (ptx2pdf syntax = \RHoddleft{})   Default = empty</description>
            <key>runningHeaderOddLeft</key>
            <type>string</type>
            <value>empty</value>
            <texCode>\def\RHoddleft{\[v]}</texCode>
        </setting>
        <setting>
            <name>Running Header Odd (Center)</name>
            <description>This will specify what can go in the running header at this specific position. Key words that can be used are: (bookname | rangeref | firstref | lastref | pagenumber | empty) (ptx2pdf syntax = \RHoddcenter{})   Default = pagenumber</description>
            <key>runningHeaderOddCenter</key>
            <type>string</type>
            <value>pagenumber</value>
            <texCode>\def\RHoddcenter{\[v]}</texCode>
        </setting>
        <setting>
            <name>Running Header Odd (Right/Outside Of The Page)</name>
            <description>This will specify what can go in the running header at this specific position. Key words that can be used are: (bookname | rangeref | firstref | lastref | pagenumber | empty) (ptx2pdf syntax = \RHoddright{})   Default = rangeref</description>
            <key>runningHeaderOddRight</key>
            <type>string</type>
            <value>lastref</value>
            <texCode>\def\RHoddright{\[v]}</texCode>
        </setting>
        <setting>
            <name>Running Header Even (Left/Outside Of The Page)</name>
            <description>This will specify what can go in the running header at this specific position. Key words that can be used are: (bookname | rangeref | firstref | lastref | pagenumber | empty) (ptx2pdf syntax = \RHevenleft{})   Default = rangeref</description>
            <key>runningHeaderEvenLeft</key>
            <type>string</type>
            <value>firstref</value>
            <texCode>\def\RHevenleft{\[v]}</texCode>
        </setting>
        <setting>
            <name>Running Header Even (Center)</name>
            <description>This will specify what can go in the running header at this specific position. Key words that can be used are: (bookname | rangeref | firstref | lastref | pagenumber | empty) (ptx2pdf syntax = \RHevencenter{})   Default = pagenumber</description>
            <key>runningHeaderEvenCenter</key>
            <type>string</type>
            <value>pagenumber</value>
            <texCode>\def\RHevencenter{\[v]}</texCode>
        </setting>
        <setting>
            <name>Running Header Even (Right/Inside Of The Page)</name>
            <description>This will specify what can go in the running header at this specific position. Key words that can be used are: (bookname | rangeref | firstref | lastref | pagenumber | empty) (ptx2pdf syntax = \RHevenright{})   Default = empty</description>
            <key>runningHeaderEvenRight</key>
            <type>string</type>
            <value>empty</value>
            <texCode>\def\RHevenright{\[v]}</texCode>
        </setting>
    </section>
    <section>
        <name>Hyphenation</name>
        <sectionID>Hyphenation</sectionID>
        <description>Some information for building TeX commands for building the hyphenation control file and other related files located in the project's hyphenation folder.  Some file names are stored in this section.  These are not used in the makefile process and can vary depending on how the process is run.  Note: remember to re-make/overwrite the current TeX Hyphenation file for the changes to take effect.</description>
        <setting>
            <name>Create New TeX Hyphen Language Name</name>
            <description>Create a language name to be used for applying or creating hyphenation rules for text of a specific language. (\newlanguage). This setting is active when useHyphenation is set to True and a value is entered in this field.</description>
            <key>createHyphenLanguage</key>
            <type>string</type>
            <value></value>
            <boolDependTrue>projConfig:Groups:[self.gid]:useHyphenation</boolDependTrue>
            <texCode>\newlanguage\[v]</texCode>
            <note>This arrangement seems to work but it has not been fully tested. It is not clear why the \def statement is needed. This arrangement may not be effective.</note>
        </setting>
        <setting>
            <name>Set TeX Hyphen Language Name</name>
            <description>Set a language name to be used for applying or creating hyphenation rules for text of a specific language. (\language=). This setting is dependent on the createHyphenLanguage.</description>
            <key>setHyphenLanguage</key>
            <type>string</type>
            <value></value>
            <boolDependTrue>projConfig:Groups:[self.gid]:useHyphenation</boolDependTrue>
            <texCode>\language=\[v]</texCode>
            <note>This arrangement seems to work but it has not been fully tested. It is not clear why the \def statement is needed. This arrangement may not be effective.</note>
        </setting>
        <setting>
            <name>TeX Hyphen Character</name>
            <description>Set the default TeX hyphen character to insert at hyphenation breaks (\defaulthyphenchar).  The normal is '‐' (U+2010) but it could be changed to use something like U+200B (ZWSP) Just change the character setting in the value. (Note that normally in the hyphenation word list source text you will find U+002D, a minus sign which also doubles for a hyphen character but it is not a proper one.) Remember to put a '"' (double quote) before the Unicode value, TeX needs this.   Default = "2010</description>
            <key>setHyphenCharacter</key>
            <type>string</type>
            <value>"002D</value>
            <boolDependTrue>projConfig:Groups:[self.gid]:useHyphenation</boolDependTrue>
            <texCode>\defaulthyphenchar=[v]</texCode>
        </setting>
        <setting>
            <name>TeX Hyphenation Penalty</name>
            <description>The bigger the number the harder it is to break a word in the hyphen list (\hyphenpenalty). This setting is active when useHyphenation is set to True.  Default = 0</description>
            <key>setHyphenPenalty</key>
            <type>integer</type>
            <value>50</value>
            <boolDependTrue>projConfig:Groups:[self.gid]:useHyphenation</boolDependTrue>
            <texCode>\hyphenpenalty=[v]</texCode>
        </setting>
        <setting>
            <name>TeX Hyphenation Penalty Off</name>
            <description>If useHyphenation is set to False, this will automatically set the TeX \hyphenpenalty setting to 10000 which effectivly turns off hyphenation. If useHyphenation is set to True, this setting should be overwritten with the necessary settings to make hyphenation work. (In theory.)</description>
            <key>texHyphenOff</key>
            <type>integer</type>
            <value>10000</value>
            <boolDependFalse>projConfig:Groups:[self.gid]:useHyphenation</boolDependFalse>
            <texCode>\hyphenpenalty=[v]</texCode>
        </setting>
        <setting>
            <name>TeX Explicit Hyphenation Penalty</name>
            <description>Like with \hyphenpenalty this will adjust TEX's ability to break explicit hyphens.  These are words that occure in the text which are spelled with a hyphen in them.  Normally, TeX will not touch these unless this is set to a low number like -50. This setting is active when useHyphenation is set to True. Default = 50</description>
            <key>setExHyphenPenalty</key>
            <type>integer</type>
            <value>50</value>
            <boolDependTrue>projConfig:Groups:[self.gid]:useHyphenation</boolDependTrue>
            <texCode>\exhyphenpenalty=[v]</texCode>
        </setting>
        <setting>
            <name>TeX Pretolerance</name>
            <description>Pretolerance is an integer parameter that is used in TeX's line breaking algorithm.  Use an integer from -1 to 10000.  If \pretolerance is -1, then TeX bypasses the first attempt at breaking a paragraph without hyphenation.  Normally it is always best to allow TeX to use its defaults first so the setting here is nothing by default. This setting is active when useHyphenation is set to True. Default = 0</description>
            <key>pretolerance</key>
            <type>integer</type>
            <value>0</value>
            <boolDependTrue>projConfig:Groups:[self.gid]:useHyphenation</boolDependTrue>
            <texCode>\pretolerance=[v]</texCode>
        </setting>
    </section>
    <section>
        <name>Illustrations</name>
        <sectionID>Illustrations</sectionID>
        <description>Illustration resources</description>
        <setting>
            <name>Figure Placeholders</name>
            <description>Turn On Figure Placeholders - If set to true ptx2pdf will not output the actual picture graphic, just the space it goes in.  This makes processing much faster. Default = True</description>
            <key>useFigurePlaceHolders</key>
            <type>boolean</type>
            <value>True</value>
            <boolDependTrue>layoutConfig:Illustrations:useFigurePlaceHolders</boolDependTrue>
            <texCode>\FigurePlaceholderstrue</texCode>
        </setting>
        <setting>
            <name>Chapter Verse Seperator</name>
            <description>A reference can be included with the illustrations and the seperator can be changed with this setting.  The default is ":"</description>
            <key>chapterVerseSeperator</key>
            <type>string</type>
            <value>:</value>
        </setting>
        <setting>
            <name>Captions</name>
            <description>Add a caption to the illustration.  Set as True if you want captions included with illustrations. Default = True</description>
            <key>useCaptions</key>
            <type>boolean</type>
            <value>True</value>
        </setting>
        <setting>
            <name>Caption Reference</name>
            <description>Add illustration reference to caption.  Set as true if you want a reference added to the caption. Default = True</description>
            <key>useCaptionReferences</key>
            <type>boolean</type>
            <value>True</value>
        </setting>
        <setting>
            <name>Path To Illustrations</name>
            <description>This is the path to the project illustrations that TeX will use.</description>
            <key>texPicPath</key>
            <type>string</type>
            <value>[path:projIllustrationsFolder]/</value>
            <texCode>\PicPath={[v]}</texCode>
            <note>WARNING: The use of '/' at the end of the picPath will probably cause problems cross-platform.</note>
        </setting>
    </section>
    <section>
        <name>Margins</name>
        <sectionID>Margins</sectionID>
        <description>Here find ye settings that affect margin settings. Arrg!</description>
        <setting>
            <name>Base Margin Unit</name>
            <description>Basic unit for margins changing this will alter them all. Default = 12mm</description>
            <key>marginUnit</key>
            <type>function</type>
            <value>layout.getBaseMarginSetting()</value>
            <texCode>\MarginUnit=[vm]</texCode>
        </setting>
        <setting>
            <name>Top Margin Factor</name>
            <description>Relative size of the top margin based on MarginUnit will relate just to the margins of the body text area, independent of headers and footers.   Default = 1.0</description>
            <key>topMarginFactor</key>
            <type>function</type>
            <value>layout.getTopMarginFactor()</value>
            <texCode>\def\TopMarginFactor{[v]}</texCode>
        </setting>
        <setting>
            <name>Bottom Margin Factor</name>
            <description>Relative size of the bottom margin based on MarginUnit.  If undefined, the \TopMarginFactor will be used for both top and bottom margins.  You can set this to "0" to disable this setting.   Default = 0</description>
            <key>bottomMarginFactor</key>
            <type>function</type>
            <value>layout.getBottomMarginFactor()</value>
            <texCode>\def\BottomMarginFactor{[v]}</texCode>
        </setting>
        <setting>
            <name>Side Margin Factor</name>
            <description>Relative size of side margin based on MarginUnit.  This determins the distance between the edge of the page and the body text.   Default = 0.7</description>
            <key>sideMarginFactor</key>
            <type>function</type>
            <value>layout.getSideMarginFactor()</value>
            <texCode>\def\SideMarginFactor{[v]}</texCode>
        </setting>
        <setting>
            <name>Extra Right Margin</name>
            <description>For some single column publications it might be necessary to tweak the right margin to get things to line up, especialy when using marginal verses.  This setting is in mm.  Enter a number (just a number) which represents the distance in mm that you want to pull the right margin in toward the middle of the page.   Defalt = 0mm</description>
            <key>extraRightMargin</key>
            <type>integer</type>
            <value>0</value>
            <texCode>\ExtraRMargin=[vm]</texCode>
        </setting>
        <setting>
            <name>Binding Gutter</name>
            <description>If the amount is greater than '0' (zero) additional space will be added to the binding gutter.  This additional margin on the binding side of the page will enable printing for formats that need more space for binding like with a comb bind or hole punch.   Default = 0mm</description>
            <key>bindingGutter</key>
            <type>integer</type>
            <value>0</value>
        </setting>
    </section>
    <section>
        <name>Page Layout</name>
        <sectionID>PageLayout</sectionID>
        <description>Page layout information.  This covers general page layout format options.</description>
        <setting>
            <name>Page Height</name>
            <description>This is the height of the page after it has been printed and trimmed to its final size. Default = 210mm (A5)</description>
            <key>pageHeight</key>
            <type>reference</type>
            <value>layoutConfig:PageLayout:pageHeight</value>
            <texCode>\PaperHeight=[vm]</texCode>
        </setting>
        <setting>
            <name>Page Width</name>
            <description>This is the width of the page after it has been printed and trimmed to its final size. Default = 148mm (A5)</description>
            <key>pageWidth</key>
            <type>reference</type>
            <value>layoutConfig:PageLayout:pageWidth</value>
            <texCode>\PaperWidth=[vm]</texCode>
        </setting>
        <setting>
            <name>Cropmarks</name>
            <description>If set to true this will place a set of cropmarks to show page trim size. Default = True</description>
            <key>useCropmarks</key>
            <type>boolean</type>
            <value>False</value>
            <texCode>\CropMarkstrue</texCode>
            <boolDependTrue>layoutConfig:PageLayout:useCropmarks</boolDependTrue>
        </setting>
        <setting>
            <name>Page Border</name>
            <description>[NOT IMPLEMENTED] Set this to "true" to put a border on every page.  The PDF file containing the border is located in the Illustrations folder in the Source area.  To change the border, you can replace the file and change the file name in the System-Files section.   Default = False</description>
            <key>usePageBorder</key>
            <type>boolean</type>
            <value>False</value>
        </setting>
        <setting>
            <name>Page Border File</name>
            <description>[NOT IMPLEMENTED] Page border default file name.  If a page border is used this is the default file name.  Change as necessary.  This file should be kept in the shared illustrations folder and the system will link it to the Process folder.   Default = pageborder.pdf</description>
            <key>pageBorderFile</key>
            <type>string</type>
            <value>page_border.pdf</value>
        </setting>
        <setting>
            <name>End Book No Eject</name>
            <description>[NOT IMPLEMENTED] To save space on long publications the next book can start on the same page of the previous one.   Default = False</description>
            <key>useEndBookNoEject</key>
            <type>boolean</type>
            <value>False</value>
        </setting>
        <setting>
            <name>Page Border Scale</name>
            <description>[NOT IMPLEMENTED] Enter in the scale factor for the page border and TeX will scale the PDF file as needed.  If you do not enter anything, no scaling will be applied.  Here are some examples:  scaled 900 = 90% of original size  scaled 1100 = 110% of original size (not tested yet)  xscaled 800 yscaled 900 (to scale individual directions)  width 140mm height 205mm (to scale to a known size)   Default = Null (which equates to 1000 or no scaling)</description>
            <key>pageBorderScale</key>
            <type>integer</type>
            <value></value>
        </setting>
    </section>
    <section>
        <name>Text Elements</name>
        <sectionID>TextElements</sectionID>
        <description>General settings for text level elements</description>
        <setting>
            <name>Quote Kern Amount (Em)</name>
            <description>Often, when there are quotes within quotes, when they end the two types of quote markers are so close together that, from the reader's perspective, it is hard to tell what is going on.  To fix this kerning space is added between the two characters to make it clear which is which.  The amount is in em space measurement.  For more information on what that is, go to this address:   http://en.wikipedia.org/wiki/Em_(typography) Enter the amount in em but do not follow with "em" as the system assumes the measurement is in em.  Enter 0 if no kerning of quotes is desired.   Defalt = 0.1</description>
            <key>quoteKernAmount</key>
            <type>integer</type>
            <value>0.1em</value>
            <texCode>\quotekernamount=[v]</texCode>
        </setting>
    </section>
    <section>
        <name>TeX Behavior</name>
        <sectionID>TeXBehavior</sectionID>
        <description>Settings that make TeX behave better</description>
        <setting>
            <name>Horizontal Fuzz</name>
            <description>Specify the amount that a horizontal box (hbox) can exceed its natrual size before TeX conciders it to be overfull. The normal Plain TeX default is 0.1pt.</description>
            <key>hFuzz</key>
            <type>integer</type>
            <value>0.1pt</value>
            <texCode>\hfuzz=[v]</texCode>
        </setting>
        <setting>
            <name>Vertical Fuzz</name>
            <description>Specify the amount that a vertical box (vbox) can exceed its natrual size before TeX conciders it to be overfull. The normal Plain TeX default is 0.1pt.</description>
            <key>vFuzz</key>
            <type>integer</type>
            <value>0.1pt</value>
            <texCode>\vfuzz=[v]</texCode>
        </setting>
    </section>
</root>

