﻿<?xml version="1.0" encoding="UTF-8"?>

<!--
File: BoonKitU.xml
Description:
This is a font settings file. All default settings for this font are specified here.

Todo:
1) Need to connect to an external DTD, schema, whatever for validation.

-->


<root>
    <section>
        <sectionID>FontInformation</sectionID>
        <description>General information for this typeface family.</description>
        <setting>
            <name>RPM Font Family Name</name>
            <key>rpmFontFamilyName</key>
            <description>The name of this typeface family used in the RPM system. This is to enable correct versioning of fonts in projects. This is the font family name followed by a date string of about when the font was produced/released. This name must be used when referencing a font, not just the font family name.</description>
            <type>string</type>
            <value>BoonKitU_19970314</value>
        </setting>
        <setting>
            <name>Font Family Name</name>
            <key>fontFamilyName</key>
            <description>The name of this typeface family.</description>
            <type>string</type>
            <value>BoonKitU</value>
        </setting>
        <setting>
            <name>Font ID</name>
            <key>fontID</key>
            <description>The internal ID code of this font family.</description>
            <type>string</type>
            <value>Boonkit</value>
        </setting>
        <setting>
            <name>Font Folder</name>
            <key>fontFolder</key>
            <description>The font family folder name. This should match the RPM Font Family Name.</description>
            <type>string</type>
            <value>BoonKitU_19970314</value>
        </setting>
        <setting>
            <name>RPM Configuration Version</name>
            <key>rpmConfigurationVersion</key>
            <description>The version of this RPM font bundle set which will change whenever modifications are made to it.</description>
            <type>string</type>
            <value>00.00.01</value>
        </setting>
        <setting>
            <name>Features</name>
            <key>features</key>
            <description>The feature codes that are included in the font and could be used by the rendering application.</description>
            <type>list</type>
            <value>GR</value>
        </setting>
        <setting>
            <name>Mappings</name>
            <key>mappings</key>
            <description>Alternate TECKit glyphe mappings included in the bundle that can be used with this font.</description>
            <type>list</type>
            <value>lana_renumber</value>
        </setting>
    </section>


Add a new section here that will contain the usfmTeX mapping information, all the information needed to form a font \def line should be contained here, not in the python code

Add a new section here that will contain all the typeface information, remove all the TeX information

    <section>
        <name>Typeface Regular</name>
        <sectionID>TypefaceRegular</sectionID>
        <description>Settings for the regular typeface font.</description>
        <setting>
            <name>File</name>
            <key>file</key>
            <description>File name for this typeface.</description>
            <type>string</type>
            <value>BoonKitU.ttf</value>
        </setting>
        <setting>
            <name>Name</name>
            <key>name</key>
            <description>The name for this typeface.</description>
            <type>string</type>
            <value>BoonKitU</value>
        </setting>
        <setting>
            <name>Style</name>
            <key>style</key>
            <description>The style of this typeface.</description>
            <type>string</type>
            <value>TuaMuang</value>
        </setting>
        <setting>
            <name>TeXMapping</name>
            <key>texMapping</key>
            <description>The TeX font style this typeface maps to.</description>
            <type>list</type>
            <value>regular,italic,bold,bolditalic</value>
        </setting>
        <setting>
            <name>Type</name>
            <key>type</key>
            <description>The type of font for this typeface.</description>
            <type>string</type>
            <value>TrueType font</value>
        </setting>
        <setting>
            <name>Version</name>
            <key>version</key>
            <description>The version of this typeface.</description>
            <type>string</type>
            <value>Macromedia Fontographer 4.1.2 3/14/97</value>
        </setting>
        <setting>
            <name>Font Copyright</name>
            <key>copyright</key>
            <description>The copyright information for this typeface.</description>
            <type>string</type>
            <value>Generated by Fontographer 4.1.2 Derived from Boonkit Special TuaMuang by ttfbuilder v0.32</value>
        </setting>
        <setting>
            <name>Modify</name>
            <key>modify</key>
            <description>Request any modifications for this typeface such as bolding.</description>
            <type>list</type>
            <value></value>
        </setting>
        <setting>
            <name>Mapping</name>
            <key>mapping</key>
            <description>Specify a file that might contain any character mapping modifications.</description>
            <type>string</type>
            <value>None</value>
        </setting>
    </section>
</root>

