﻿<?xml version="1.0" encoding="utf-8"?>
<ProjectUsers PeerSharing="true">
  <User UserName="Dennis Drescher" FirstUser="true">
    <Role>Administrator</Role>
    <AllBooks>true</AllBooks>
    <Books />
  </User>
  <User UserName="Martin Hosken" FirstUser="false">
    <Role>Administrator</Role>
    <AllBooks>true</AllBooks>
    <Books />
  </User>
  <User UserName="Bobby" FirstUser="false">
    <Role>TeamMember</Role>
    <AllBooks>true</AllBooks>
    <Books />
  </User>
  <User UserName="John Bryant" FirstUser="false">
    <Role>TeamMember</Role>
    <AllBooks>true</AllBooks>
    <Books />
  </User>
  <User UserName="Ryan Conner" FirstUser="false">
    <Role>Administrator</Role>
    <AllBooks>true</AllBooks>
    <Books />
  </User>
</ProjectUsers>