﻿<?xml version="1.0" encoding="UTF-8"?>

<!--
File: Padauk_2.95.xml
Description:
This is a font settings file. All default settings for this font are specified here.

Todo:
1) Need to connect to an external DTD, schema, whatever for validation.

-->


<root>
    <section>
        <sectionID>FontInformation</sectionID>
        <description>General information for this typeface family.</description>
        <setting>
            <name>RPM Font Family Name</name>
            <key>rpmFontFamilyName</key>
            <description>The name of this typeface family used in the RPM system. This is to enable correct versioning of fonts in projects. This is the font family name followed by a date string of about when the font was produced/released. This name must be used when referencing a font, not just the font family name.</description>
            <type>string</type>
            <value>Padauk_2.95</value>
        </setting>
        <setting>
            <name>Font Family Name</name>
            <key>fontFamilyName</key>
            <description>The name of this typeface family.</description>
            <type>string</type>
            <value>Padauk</value>
        </setting>
        <setting>
            <name>Font ID</name>
            <key>fontID</key>
            <description>The internal ID code of this font family.</description>
            <type>string</type>
            <value>Padauk</value>
        </setting>
        <setting>
            <name>Font Folder</name>
            <key>fontFolder</key>
            <description>The font family folder name. This should match the RPM Font Family Name.</description>
            <type>string</type>
            <value>Padauk_2.95</value>
        </setting>
        <setting>
            <name>RPM Configuration Version</name>
            <key>rpmConfigurationVersion</key>
            <description>The version of this RPM font bundle. This should change whenever modifications are made to it.</description>
            <type>string</type>
            <value>00.00.01</value>
        </setting>
        <setting>
            <name>Available Font Rendering Systems</name>
            <key>availableFontRenderingSystems</key>
            <description>[NOTE: More work needed on this] The font rendering systems this font supports.</description>
            <type>list</type>
            <value>GR</value>
        </setting>
        <setting>
            <name>Available Features</name>
            <key>availableFeatures</key>
            <description>[NOTE: More work needed on this] The feature codes that are available in the font and could be used by the rendering application.</description>
            <type>list</type>
            <value>krdot,fdot,lldt,wtri,ulon,utal,dotc,hsln,nnya</value>
        </setting>
        <setting>
            <name>Available Languages</name>
            <key>availableLanguages</key>
            <description>Particular languages this font supports. This does not limit the font to working well with other languages but some necessary font features may not be included in this font.</description>
            <type>list</type>
            <value>kyu,sgw</value>
        </setting>
        <setting>
            <name>Available Font Mappings</name>
            <key>availableFontMappings</key>
            <description>Alternate TECKit glyphe mappings included in the bundle that can be used with this font.</description>
            <type>list</type>
            <value>kye_renumber</value>
        </setting>
    </section>
    <section>
        <name>USFM TeX Mapping Information</name>
        <sectionID>UsfmTeX</sectionID>
        <description>This section contains all the information needed to map this font for use with the usfmTeX macro package used in TeX.</description>
        <section>
            <sectionID>PrimaryFont</sectionID>
            <description>Include information that will allow this font to be used as a primary font. This includes settings for regular, italic, bold, and bolditalic.</description>
            <setting>
                <name>Regular</name>
                <key>regular</key>
                <description>The \def setting for the usfmTeX regular typeface rendering.</description>
                <type>string</type>
                <value>\def\regular{"[^^path^^/Padauk-book.ttf]^^renderer^^^^language^^^^mapping^^"}</value>
            </setting>
            <setting>
                <name>Italic</name>
                <key>italic</key>
                <description>The \def setting for the usfmTeX italic typeface rendering.</description>
                <type>string</type>
                <value>\def\italic{"[^^path^^/Padauk-book.ttf]^^renderer^^^^language^^^^mapping^^"}</value>
            </setting>
            <setting>
                <name>Bold</name>
                <key>bold</key>
                <description>The \def setting for the usfmTeX bold typeface rendering.</description>
                <type>string</type>
                <value>\def\bold{"[^^path^^/Padauk-bookbold.ttf]^^renderer^^^^language^^^^mapping^^"}</value>
            </setting>
            <setting>
                <name>BoldItalic</name>
                <key>bolditalic</key>
                <description>The \def setting for the usfmTeX bolditalic regular typeface rendering.</description>
                <type>string</type>
                <value>\def\bolditalic{"[^^path^^/Padauk-bookbold.ttf]^^renderer^^^^language^^^^mapping^^"}</value>
            </setting>
        </section>
        <section>
            <sectionID>SecondaryFont</sectionID>
            <description>Include information that will allow this font to be used as a secondary font. This is not limited to a set number as in the primary font section.</description>
            <setting>
                <name>Padauk Regular</name>
                <key>padaukregular</key>
                <description>The \def setting for the regular typeface used in a secondary font context.</description>
                <type>string</type>
                <value>\font\padaukregular = "[^^path^^/Padauk.ttf]^^renderer^^^^language^^^^mapping^^" at 12pt</value>
            </setting>
            <setting>
                <name>Padauk Bold</name>
                <key>padaukbold</key>
                <description>The \def setting for the bold typeface used in a secondary font context.</description>
                <type>string</type>
                <value>\font\padaukbold = "[^^path^^/Padauk-bold.ttf]^^renderer^^^^language^^^^mapping^^" at 12pt</value>
            </setting>
            <setting>
                <name>Padauk Book Regular</name>
                <key>padaukbookregular</key>
                <description>The \def setting for the book regular typeface used in a secondary font context.</description>
                <type>string</type>
                <value>\font\padaukbookregular = "[^^path^^/Padauk-book.ttf]^^renderer^^^^language^^^^mapping^^" at 12pt</value>
            </setting>
            <setting>
                <name>Padauk Book Bold</name>
                <key>padaukbookbold</key>
                <description>The \def setting for the book bold typeface used in a secondary font context.</description>
                <type>string</type>
                <value>\font\padaukbookbold = "[^^path^^/Padauk-bookbold.ttf]^^renderer^^^^language^^^^mapping^^" at 12pt</value>
            </setting>
        </section>
    </section>
    <section>
        <name>Typeface Information</name>
        <sectionID>TypefaceInformation</sectionID>
        <description>Information about each of the typefaces in this font family. (One file per typeface.)</description>
        <section>
            <name>Typeface Regular</name>
            <sectionID>TypefaceRegular</sectionID>
            <description>Information about the regular typeface.</description>
            <setting>
                <name>File</name>
                <key>file</key>
                <description>File name for this typeface.</description>
                <type>string</type>
                <value>Padauk.ttf</value>
            </setting>
            <setting>
                <name>Name</name>
                <key>name</key>
                <description>The name for this typeface.</description>
                <type>string</type>
                <value>Padauk</value>
            </setting>
            <setting>
                <name>Style</name>
                <key>style</key>
                <description>The style of this typeface.</description>
                <type>string</type>
                <value>Regular</value>
            </setting>
            <setting>
                <name>Type</name>
                <key>type</key>
                <description>The type of font for this typeface.</description>
                <type>string</type>
                <value>TrueType font</value>
            </setting>
            <setting>
                <name>Version</name>
                <key>version</key>
                <description>The version of this typeface.</description>
                <type>string</type>
                <value>2.95</value>
            </setting>
            <setting>
                <name>Font Copyright</name>
                <key>copyright</key>
                <description>The copyright information for this typeface.</description>
                <type>string</type>
                <value>Copyright (c) SIL, 2003. All rights reserved.</value>
            </setting>
        </section>
        <section>
            <name>Typeface Bold</name>
            <sectionID>TypefaceBold</sectionID>
            <description>Information about the bold typeface.</description>
            <setting>
                <name>File</name>
                <key>file</key>
                <description>File name for this typeface.</description>
                <type>string</type>
                <value>Padauk-bold.ttf</value>
            </setting>
            <setting>
                <name>Name</name>
                <key>name</key>
                <description>The name for this typeface.</description>
                <type>string</type>
                <value>Padauk-Bold</value>
            </setting>
            <setting>
                <name>Style</name>
                <key>style</key>
                <description>The style of this typeface.</description>
                <type>string</type>
                <value>Bold</value>
            </setting>
            <setting>
                <name>Type</name>
                <key>type</key>
                <description>The type of font for this typeface.</description>
                <type>string</type>
                <value>TrueType font</value>
            </setting>
            <setting>
                <name>Version</name>
                <key>version</key>
                <description>The version of this typeface.</description>
                <type>string</type>
                <value>2.95</value>
            </setting>
            <setting>
                <name>Font Copyright</name>
                <key>copyright</key>
                <description>The copyright information for this typeface.</description>
                <type>string</type>
                <value>Copyright (c) SIL, 2003. All rights reserved.</value>
            </setting>
        </section>
        <section>
            <name>Typeface Book Regular</name>
            <sectionID>TypefaceBookRegular</sectionID>
            <description>Information about the book regular typeface.</description>
            <setting>
                <name>File</name>
                <key>file</key>
                <description>File name for this typeface.</description>
                <type>string</type>
                <value>Padauk-book.ttf</value>
            </setting>
            <setting>
                <name>Name</name>
                <key>name</key>
                <description>The name for this typeface.</description>
                <type>string</type>
                <value>Padauk-Book</value>
            </setting>
            <setting>
                <name>Style</name>
                <key>style</key>
                <description>The style of this typeface.</description>
                <type>string</type>
                <value>Regular</value>
            </setting>
            <setting>
                <name>Type</name>
                <key>type</key>
                <description>The type of font for this typeface.</description>
                <type>string</type>
                <value>TrueType font</value>
            </setting>
            <setting>
                <name>Version</name>
                <key>version</key>
                <description>The version of this typeface.</description>
                <type>string</type>
                <value>2.95</value>
            </setting>
            <setting>
                <name>Font Copyright</name>
                <key>copyright</key>
                <description>The copyright information for this typeface.</description>
                <type>string</type>
                <value>Copyright (c) SIL, 2003. All rights reserved.</value>
            </setting>
        </section>
        <section>
            <name>Typeface Book Bold</name>
            <sectionID>TypefaceBookBold</sectionID>
            <description>Information about the book bold typeface.</description>
            <setting>
                <name>File</name>
                <key>file</key>
                <description>File name for this typeface.</description>
                <type>string</type>
                <value>Padauk-bookbold.ttf</value>
            </setting>
            <setting>
                <name>Name</name>
                <key>name</key>
                <description>The name for this typeface.</description>
                <type>string</type>
                <value>Padauk-Book Bold</value>
            </setting>
            <setting>
                <name>Style</name>
                <key>style</key>
                <description>The style of this typeface.</description>
                <type>string</type>
                <value>Bold</value>
            </setting>
            <setting>
                <name>Type</name>
                <key>type</key>
                <description>The type of font for this typeface.</description>
                <type>string</type>
                <value>TrueType font</value>
            </setting>
            <setting>
                <name>Version</name>
                <key>version</key>
                <description>The version of this typeface.</description>
                <type>string</type>
                <value>2.95</value>
            </setting>
            <setting>
                <name>Font Copyright</name>
                <key>copyright</key>
                <description>The copyright information for this typeface.</description>
                <type>string</type>
                <value>Copyright (c) SIL, 2003. All rights reserved.</value>
            </setting>
        </section>
    </section>
</root>

