﻿<?xml version="1.0" encoding="UTF-8"?>

<!--
File: CharisSIL_4.106.xml
Description:
This is a font settings file. All default settings for this font are specified here.

Todo:
1) Need to connect to an external DTD, schema, whatever for validation.

-->


<root>
    <section>
        <sectionID>FontInformation</sectionID>
        <description>General information for this typeface family.</description>
        <setting>
            <name>Font Family Name</name>
            <key>fontFamilyName</key>
            <description>The name of this typeface family.</description>
            <type>string</type>
            <value>Charis SIL_4.106</value>
        </setting>
        <setting>
            <name>Font ID</name>
            <key>fontID</key>
            <description>The internal ID code of this font family.</description>
            <type>string</type>
            <value>Charis SIL</value>
        </setting>
        <setting>
            <name>Font Folder</name>
            <key>fontFolder</key>
            <description>The font family folder name.</description>
            <type>string</type>
            <value>Charis SIL_4.106</value>
        </setting>
        <setting>
            <name>RPM Configuration Version</name>
            <key>rpmConfigurationVersion</key>
            <description>The version of this RPM font bundle. This should change whenever modifications are made to it.</description>
            <type>string</type>
            <value>00.00.01</value>
        </setting>
        <setting>
            <name>Available Font Rendering Systems</name>
            <key>availableFontRenderingSystems</key>
            <description>[NOTE: More work needed on this] The font rendering systems this font supports.</description>
            <type>list</type>
            <value></value>
        </setting>
        <setting>
            <name>Available Features</name>
            <key>availableFeatures</key>
            <description>[NOTE: More work needed on this] The feature codes that are available in the font and could be used by the rendering application.</description>
            <type>list</type>
            <value></value>
        </setting>
        <setting>
            <name>Available Languages</name>
            <key>availableLanguages</key>
            <description>Particular languages this font supports. This does not limit the font to working well with other languages but some necessary font features may not be included in this font.</description>
            <type>list</type>
            <value></value>
        </setting>
        <setting>
            <name>Available Font Mappings</name>
            <key>availableFontMappings</key>
            <description>Alternate TECKit glyphe mappings included in the bundle that can be used with this font.</description>
            <type>list</type>
            <value></value>
        </setting>
    </section>
    <section>
        <name>USFM TeX Mapping Information</name>
        <sectionID>UsfmTeX</sectionID>
        <description>This section contains all the information needed to map this font for use with the usfmTeX macro package used in TeX.</description>
        <section>
            <sectionID>PrimaryFont</sectionID>
            <description>Include information that will allow this font to be used as a primary font. This includes settings for regular, italic, bold, and bolditalic.</description>
            <setting>
                <name>Regular</name>
                <key>regular</key>
                <description>The \def setting for the usfmTeX regular typeface rendering.</description>
                <type>string</type>
                <value>\def\regular{"[^^path^^/CharisSILR.ttf]^^renderer^^^^mapping^^^^language^^"}</value>
            </setting>
            <setting>
                <name>Italic</name>
                <key>italic</key>
                <description>The \def setting for the usfmTeX italic typeface rendering.</description>
                <type>string</type>
                <value>\def\italic{"[^^path^^/CharisSILI.ttf]^^renderer^^^^mapping^^^^language^^"}</value>
            </setting>
            <setting>
                <name>Bold</name>
                <key>bold</key>
                <description>The \def setting for the usfmTeX bold typeface rendering.</description>
                <type>string</type>
                <value>\def\bold{"[^^path^^/CharisSILB.ttf]^^renderer^^^^mapping^^^^language^^"}</value>
            </setting>
            <setting>
                <name>BoldItalic</name>
                <key>bolditalic</key>
                <description>The \def setting for the usfmTeX bolditalic regular typeface rendering.</description>
                <type>string</type>
                <value>\def\bolditalic{"[^^path^^/CharisSILBI.ttf]^^renderer^^^^mapping^^^^language^^"}</value>
            </setting>
        </section>
        <section>
            <sectionID>SecondaryFont</sectionID>
            <description>Include information that will allow this font to be used as a secondary font. This is not limited to a set number as in the primary font section.</description>
            <setting>
                <name>Charis SIL Regular</name>
                <key>charissilregular</key>
                <description>The \def setting for the regular typeface used in a secondary font context.</description>
                <type>string</type>
                <value>\font\charissilregular = "[^^path^^/CharisSILR.ttf]^^renderer^^^^mapping^^^^language^^" at 12pt</value>
            </setting>
            <setting>
                <name>Charis SIL Italic</name>
                <key>charissilitalic</key>
                <description>The \def setting for the italic typeface used in a secondary font context.</description>
                <type>string</type>
                <value>\font\charissilitalic = "[^^path^^/CharisSILI.ttf]^^renderer^^^^mapping^^^^language^^" at 12pt</value>
            </setting>
            <setting>
                <name>Charis SIL Bold</name>
                <key>charissilbold</key>
                <description>The \def setting for the bold typeface used in a secondary font context.</description>
                <type>string</type>
                <value>\font\charissilbold = "[^^path^^/CharisSILB.ttf]^^renderer^^^^mapping^^^^language^^" at 12pt</value>
            </setting>
            <setting>
                <name>Charis SIL Bold Italic</name>
                <key>charissilbolditalic</key>
                <description>The \def setting for the bold italic typeface used in a secondary font context.</description>
                <type>string</type>
                <value>\font\charissilbolditalic = "[^^path^^/CharisSILBI.ttf]^^renderer^^^^mapping^^^^language^^" at 12pt</value>
            </setting>
        </section>
    </section>
    <section>
        <name>Typeface Information</name>
        <sectionID>TypefaceInformation</sectionID>
        <description>Information about each of the typefaces in this font family. (One file per typeface.)</description>
        <section>
            <name>Typeface Regular</name>
            <sectionID>TypefaceRegular</sectionID>
            <description>Settings for the regular typeface font.</description>
            <setting>
                <name>File</name>
                <key>file</key>
                <description>File name for this typeface.</description>
                <type>string</type>
                <value>CharisSILR.ttf</value>
            </setting>
            <setting>
                <name>Name</name>
                <key>name</key>
                <description>The name for this typeface.</description>
                <type>string</type>
                <value>Charis SIL</value>
            </setting>
            <setting>
                <name>Style</name>
                <key>style</key>
                <description>The style of this typeface.</description>
                <type>string</type>
                <value>Regular</value>
            </setting>
            <setting>
                <name>TeXMapping</name>
                <key>texMapping</key>
                <description>The TeX font style this typeface maps to.</description>
                <type>list</type>
                <value>regular</value>
            </setting>
            <setting>
                <name>Type</name>
                <key>type</key>
                <description>The type of font for this typeface.</description>
                <type>string</type>
                <value>TrueType font</value>
            </setting>
            <setting>
                <name>Version</name>
                <key>version</key>
                <description>The version of this typeface.</description>
                <type>string</type>
                <value>4.106</value>
            </setting>
            <setting>
                <name>Font Copyright</name>
                <key>copyright</key>
                <description>The copyright information for this typeface.</description>
                <type>string</type>
                <value>Copyright (c) SIL International, 1997-2009. All rights reserved.</value>
            </setting>
        </section>
        <section>
            <name>Typeface Bold</name>
            <sectionID>TypefaceBold</sectionID>
            <description>Settings for the bold typeface font.</description>
            <setting>
                <name>File</name>
                <key>file</key>
                <description>File name for this typeface.</description>
                <type>string</type>
                <value>CharisSILB.ttf</value>
            </setting>
            <setting>
                <name>Name</name>
                <key>name</key>
                <description>The name for this typeface.</description>
                <type>string</type>
                <value>Charis SIL</value>
            </setting>
            <setting>
                <name>Style</name>
                <key>style</key>
                <description>The style of this typeface.</description>
                <type>string</type>
                <value>Bold</value>
            </setting>
            <setting>
                <name>TeXMapping</name>
                <key>texMapping</key>
                <description>The TeX font style this typeface maps to.</description>
                <type>list</type>
                <value>bold</value>
            </setting>
            <setting>
                <name>Type</name>
                <key>type</key>
                <description>The type of font for this typeface.</description>
                <type>string</type>
                <value>TrueType font</value>
            </setting>
            <setting>
                <name>Version</name>
                <key>version</key>
                <description>The version of this typeface.</description>
                <type>string</type>
                <value>4.106</value>
            </setting>
            <setting>
                <name>Font Copyright</name>
                <key>copyright</key>
                <description>The copyright information for this typeface.</description>
                <type>string</type>
                <value>Copyright (c) SIL International, 1997-2009. All rights reserved.</value>
            </setting>
        </section>
        <section>
            <name>Typeface Italic</name>
            <sectionID>TypefaceItalic</sectionID>
            <description>Settings for the italic typeface font.</description>
            <setting>
                <name>File</name>
                <key>file</key>
                <description>File name for this typeface.</description>
                <type>string</type>
                <value>CharisSILI.ttf</value>
            </setting>
            <setting>
                <name>Name</name>
                <key>name</key>
                <description>The name for this typeface.</description>
                <type>string</type>
                <value>Charis SIL</value>
            </setting>
            <setting>
                <name>Style</name>
                <key>style</key>
                <description>The style of this typeface.</description>
                <type>string</type>
                <value>Italic</value>
            </setting>
            <setting>
                <name>TeXMapping</name>
                <key>texMapping</key>
                <description>The TeX font style this typeface maps to.</description>
                <type>list</type>
                <value>italic</value>
            </setting>
            <setting>
                <name>Type</name>
                <key>type</key>
                <description>The type of font for this typeface.</description>
                <type>string</type>
                <value>TrueType font</value>
            </setting>
            <setting>
                <name>Version</name>
                <key>version</key>
                <description>The version of this typeface.</description>
                <type>string</type>
                <value>4.106</value>
            </setting>
            <setting>
                <name>Font Copyright</name>
                <key>copyright</key>
                <description>The copyright information for this typeface.</description>
                <type>string</type>
                <value>Copyright (c) SIL International, 1997-2009. All rights reserved.</value>
            </setting>
        </section>
        <section>
            <name>Typeface Bold Italic</name>
            <sectionID>TypefaceBolditalic</sectionID>
            <description>Settings for the bold italic typeface font.</description>
            <setting>
                <name>File</name>
                <key>file</key>
                <description>File name for this typeface.</description>
                <type>string</type>
                <value>CharisSILBI.ttf</value>
            </setting>
            <setting>
                <name>Name</name>
                <key>name</key>
                <description>The name for this typeface.</description>
                <type>string</type>
                <value>Charis SIL</value>
            </setting>
            <setting>
                <name>Style</name>
                <key>style</key>
                <description>The style of this typeface.</description>
                <type>string</type>
                <value>Bold Italic</value>
            </setting>
            <setting>
                <name>TeXMapping</name>
                <key>texMapping</key>
                <description>The TeX font style this typeface maps to.</description>
                <type>list</type>
                <value>bolditalic</value>
            </setting>
            <setting>
                <name>Type</name>
                <key>type</key>
                <description>The type of font for this typeface.</description>
                <type>string</type>
                <value>TrueType font</value>
            </setting>
            <setting>
                <name>Version</name>
                <key>version</key>
                <description>The version of this typeface.</description>
                <type>string</type>
                <value>4.106</value>
            </setting>
            <setting>
                <name>Font Copyright</name>
                <key>copyright</key>
                <description>The copyright information for this typeface.</description>
                <type>string</type>
                <value>Copyright (c) SIL International, 1997-2009. All rights reserved.</value>
            </setting>
        </section>
    </section>
</root>

