﻿<?xml version="1.0" encoding="utf-8"?>
<CheckingStatuses>
  <CheckingStatus>
    <BookName>MAT</BookName>
    <Check>ChapterVerse</Check>
    <MD5>D6536D23158DE3676114A09FD0009478</MD5>
    <Date>2014-10-29T06:09:23.487397-05:00</Date>
    <Errors>0</Errors>
    <DeniedErrors>0</DeniedErrors>
  </CheckingStatus>
  <CheckingStatus>
    <BookName>MAT</BookName>
    <Check>Marker</Check>
    <MD5>D6536D23158DE3676114A09FD0009478</MD5>
    <Date>2014-10-29T06:09:23.51866-05:00</Date>
    <Errors>1</Errors>
    <DeniedErrors>0</DeniedErrors>
  </CheckingStatus>
  <CheckingStatus>
    <BookName>MRK</BookName>
    <Check>ChapterVerse</Check>
    <MD5>F3E919354B4E8E5F5707211974EDAEEA</MD5>
    <Date>2014-10-29T06:09:23.619384-05:00</Date>
    <Errors>0</Errors>
    <DeniedErrors>-1</DeniedErrors>
  </CheckingStatus>
  <CheckingStatus>
    <BookName>MRK</BookName>
    <Check>Marker</Check>
    <MD5>F3E919354B4E8E5F5707211974EDAEEA</MD5>
    <Date>2014-10-29T06:09:23.63533-05:00</Date>
    <Errors>2</Errors>
    <DeniedErrors>0</DeniedErrors>
  </CheckingStatus>
  <CheckingStatus>
    <BookName>LUK</BookName>
    <Check>ChapterVerse</Check>
    <MD5>ABD5BD643E802FD395CCAF64577556D8</MD5>
    <Date>2014-10-29T06:09:23.797347-05:00</Date>
    <Errors>0</Errors>
    <DeniedErrors>-2</DeniedErrors>
  </CheckingStatus>
  <CheckingStatus>
    <BookName>LUK</BookName>
    <Check>Marker</Check>
    <MD5>ABD5BD643E802FD395CCAF64577556D8</MD5>
    <Date>2014-10-29T06:09:23.81871-05:00</Date>
    <Errors>3</Errors>
    <DeniedErrors>0</DeniedErrors>
  </CheckingStatus>
  <CheckingStatus>
    <BookName>JHN</BookName>
    <Check>ChapterVerse</Check>
    <MD5>6B6BA83EAD51D98E971C14219879F837</MD5>
    <Date>2014-10-29T06:09:23.933753-05:00</Date>
    <Errors>0</Errors>
    <DeniedErrors>-3</DeniedErrors>
  </CheckingStatus>
  <CheckingStatus>
    <BookName>JHN</BookName>
    <Check>Marker</Check>
    <MD5>6B6BA83EAD51D98E971C14219879F837</MD5>
    <Date>2014-10-29T06:09:23.951066-05:00</Date>
    <Errors>4</Errors>
    <DeniedErrors>0</DeniedErrors>
  </CheckingStatus>
  <CheckingStatus>
    <BookName>ACT</BookName>
    <Check>ChapterVerse</Check>
    <MD5>A3CC18276B472CE957610D9E7AFB7521</MD5>
    <Date>2014-10-29T06:09:24.113495-05:00</Date>
    <Errors>0</Errors>
    <DeniedErrors>-4</DeniedErrors>
  </CheckingStatus>
  <CheckingStatus>
    <BookName>ACT</BookName>
    <Check>Marker</Check>
    <MD5>A3CC18276B472CE957610D9E7AFB7521</MD5>
    <Date>2014-10-29T06:09:24.135721-05:00</Date>
    <Errors>5</Errors>
    <DeniedErrors>0</DeniedErrors>
  </CheckingStatus>
  <CheckingStatus>
    <BookName>ROM</BookName>
    <Check>ChapterVerse</Check>
    <MD5>9BBA12BF824981BE10CF62448BB42220</MD5>
    <Date>2014-10-29T06:09:24.225073-05:00</Date>
    <Errors>0</Errors>
    <DeniedErrors>-5</DeniedErrors>
  </CheckingStatus>
  <CheckingStatus>
    <BookName>ROM</BookName>
    <Check>Marker</Check>
    <MD5>9BBA12BF824981BE10CF62448BB42220</MD5>
    <Date>2014-10-29T06:09:24.235681-05:00</Date>
    <Errors>6</Errors>
    <DeniedErrors>0</DeniedErrors>
  </CheckingStatus>
  <CheckingStatus>
    <BookName>1CO</BookName>
    <Check>ChapterVerse</Check>
    <MD5>2435A93A59ABED151EE0F3B8FD00FBA1</MD5>
    <Date>2014-10-29T06:09:24.30779-05:00</Date>
    <Errors>0</Errors>
    <DeniedErrors>-6</DeniedErrors>
  </CheckingStatus>
  <CheckingStatus>
    <BookName>1CO</BookName>
    <Check>Marker</Check>
    <MD5>2435A93A59ABED151EE0F3B8FD00FBA1</MD5>
    <Date>2014-10-29T06:09:24.317901-05:00</Date>
    <Errors>7</Errors>
    <DeniedErrors>0</DeniedErrors>
  </CheckingStatus>
  <CheckingStatus>
    <BookName>2CO</BookName>
    <Check>ChapterVerse</Check>
    <MD5>7C3C24DF8FF66318F101C44820B55F67</MD5>
    <Date>2014-10-29T06:09:24.36666-05:00</Date>
    <Errors>0</Errors>
    <DeniedErrors>-7</DeniedErrors>
  </CheckingStatus>
  <CheckingStatus>
    <BookName>2CO</BookName>
    <Check>Marker</Check>
    <MD5>7C3C24DF8FF66318F101C44820B55F67</MD5>
    <Date>2014-10-29T06:09:24.372598-05:00</Date>
    <Errors>8</Errors>
    <DeniedErrors>0</DeniedErrors>
  </CheckingStatus>
  <CheckingStatus>
    <BookName>GAL</BookName>
    <Check>ChapterVerse</Check>
    <MD5>0D6350163E188301AD11EE1801618025</MD5>
    <Date>2014-10-29T06:09:24.396248-05:00</Date>
    <Errors>0</Errors>
    <DeniedErrors>-8</DeniedErrors>
  </CheckingStatus>
  <CheckingStatus>
    <BookName>GAL</BookName>
    <Check>Marker</Check>
    <MD5>0D6350163E188301AD11EE1801618025</MD5>
    <Date>2014-10-29T06:09:24.399487-05:00</Date>
    <Errors>9</Errors>
    <DeniedErrors>0</DeniedErrors>
  </CheckingStatus>
  <CheckingStatus>
    <BookName>EPH</BookName>
    <Check>ChapterVerse</Check>
    <MD5>C42CBA66AC369A46CBA8130B887B91DB</MD5>
    <Date>2014-10-29T06:09:24.445437-05:00</Date>
    <Errors>0</Errors>
    <DeniedErrors>-9</DeniedErrors>
  </CheckingStatus>
  <CheckingStatus>
    <BookName>EPH</BookName>
    <Check>Marker</Check>
    <MD5>C42CBA66AC369A46CBA8130B887B91DB</MD5>
    <Date>2014-10-29T06:09:24.4495-05:00</Date>
    <Errors>10</Errors>
    <DeniedErrors>0</DeniedErrors>
  </CheckingStatus>
  <CheckingStatus>
    <BookName>PHP</BookName>
    <Check>ChapterVerse</Check>
    <MD5>221DEC16838BD166B30A6D46FFE72F11</MD5>
    <Date>2014-10-29T06:09:24.466331-05:00</Date>
    <Errors>0</Errors>
    <DeniedErrors>-10</DeniedErrors>
  </CheckingStatus>
  <CheckingStatus>
    <BookName>PHP</BookName>
    <Check>Marker</Check>
    <MD5>221DEC16838BD166B30A6D46FFE72F11</MD5>
    <Date>2014-10-29T06:09:24.46828-05:00</Date>
    <Errors>11</Errors>
    <DeniedErrors>0</DeniedErrors>
  </CheckingStatus>
  <CheckingStatus>
    <BookName>COL</BookName>
    <Check>ChapterVerse</Check>
    <MD5>05F50BF2C981CCFADA2C37BE0DD2DD6D</MD5>
    <Date>2014-10-29T06:09:24.485128-05:00</Date>
    <Errors>0</Errors>
    <DeniedErrors>-11</DeniedErrors>
  </CheckingStatus>
  <CheckingStatus>
    <BookName>COL</BookName>
    <Check>Marker</Check>
    <MD5>05F50BF2C981CCFADA2C37BE0DD2DD6D</MD5>
    <Date>2014-10-29T06:09:24.488128-05:00</Date>
    <Errors>12</Errors>
    <DeniedErrors>0</DeniedErrors>
  </CheckingStatus>
  <CheckingStatus>
    <BookName>1TH</BookName>
    <Check>ChapterVerse</Check>
    <MD5>6D41311BCF4A20999CAA377741E96114</MD5>
    <Date>2014-10-29T06:09:24.502476-05:00</Date>
    <Errors>0</Errors>
    <DeniedErrors>-12</DeniedErrors>
  </CheckingStatus>
  <CheckingStatus>
    <BookName>1TH</BookName>
    <Check>Marker</Check>
    <MD5>6D41311BCF4A20999CAA377741E96114</MD5>
    <Date>2014-10-29T06:09:24.506964-05:00</Date>
    <Errors>13</Errors>
    <DeniedErrors>0</DeniedErrors>
  </CheckingStatus>
  <CheckingStatus>
    <BookName>2TH</BookName>
    <Check>ChapterVerse</Check>
    <MD5>D1C4E75ED4A88D5EBCAA6CABD113C092</MD5>
    <Date>2014-10-29T06:09:24.516332-05:00</Date>
    <Errors>0</Errors>
    <DeniedErrors>-13</DeniedErrors>
  </CheckingStatus>
  <CheckingStatus>
    <BookName>2TH</BookName>
    <Check>Marker</Check>
    <MD5>D1C4E75ED4A88D5EBCAA6CABD113C092</MD5>
    <Date>2014-10-29T06:09:24.517645-05:00</Date>
    <Errors>14</Errors>
    <DeniedErrors>0</DeniedErrors>
  </CheckingStatus>
  <CheckingStatus>
    <BookName>1TI</BookName>
    <Check>ChapterVerse</Check>
    <MD5>A4CB68B159F48CAF0CECA4D44AF9644B</MD5>
    <Date>2014-10-29T06:09:24.535998-05:00</Date>
    <Errors>0</Errors>
    <DeniedErrors>-14</DeniedErrors>
  </CheckingStatus>
  <CheckingStatus>
    <BookName>1TI</BookName>
    <Check>Marker</Check>
    <MD5>A4CB68B159F48CAF0CECA4D44AF9644B</MD5>
    <Date>2014-10-29T06:09:24.539305-05:00</Date>
    <Errors>15</Errors>
    <DeniedErrors>0</DeniedErrors>
  </CheckingStatus>
  <CheckingStatus>
    <BookName>2TI</BookName>
    <Check>ChapterVerse</Check>
    <MD5>7560FDF1D5CBB225A336AEFC2DB927EE</MD5>
    <Date>2014-10-29T06:09:24.552719-05:00</Date>
    <Errors>0</Errors>
    <DeniedErrors>-15</DeniedErrors>
  </CheckingStatus>
  <CheckingStatus>
    <BookName>2TI</BookName>
    <Check>Marker</Check>
    <MD5>7560FDF1D5CBB225A336AEFC2DB927EE</MD5>
    <Date>2014-10-29T06:09:24.554516-05:00</Date>
    <Errors>16</Errors>
    <DeniedErrors>0</DeniedErrors>
  </CheckingStatus>
  <CheckingStatus>
    <BookName>TIT</BookName>
    <Check>ChapterVerse</Check>
    <MD5>9C062E6E43938535595B2839C9E8988E</MD5>
    <Date>2014-10-29T06:09:24.566887-05:00</Date>
    <Errors>0</Errors>
    <DeniedErrors>-16</DeniedErrors>
  </CheckingStatus>
  <CheckingStatus>
    <BookName>TIT</BookName>
    <Check>Marker</Check>
    <MD5>9C062E6E43938535595B2839C9E8988E</MD5>
    <Date>2014-10-29T06:09:24.568209-05:00</Date>
    <Errors>17</Errors>
    <DeniedErrors>0</DeniedErrors>
  </CheckingStatus>
  <CheckingStatus>
    <BookName>PHM</BookName>
    <Check>ChapterVerse</Check>
    <MD5>2E622FA4E74FDE7E668105739DB6D7BF</MD5>
    <Date>2014-10-29T06:09:24.572219-05:00</Date>
    <Errors>0</Errors>
    <DeniedErrors>-17</DeniedErrors>
  </CheckingStatus>
  <CheckingStatus>
    <BookName>PHM</BookName>
    <Check>Marker</Check>
    <MD5>2E622FA4E74FDE7E668105739DB6D7BF</MD5>
    <Date>2014-10-29T06:09:24.573988-05:00</Date>
    <Errors>18</Errors>
    <DeniedErrors>0</DeniedErrors>
  </CheckingStatus>
  <CheckingStatus>
    <BookName>HEB</BookName>
    <Check>ChapterVerse</Check>
    <MD5>27D817F7DC820B69067A8940E0B13316</MD5>
    <Date>2014-10-29T06:09:24.626618-05:00</Date>
    <Errors>0</Errors>
    <DeniedErrors>-18</DeniedErrors>
  </CheckingStatus>
  <CheckingStatus>
    <BookName>HEB</BookName>
    <Check>Marker</Check>
    <MD5>27D817F7DC820B69067A8940E0B13316</MD5>
    <Date>2014-10-29T06:09:24.633876-05:00</Date>
    <Errors>19</Errors>
    <DeniedErrors>0</DeniedErrors>
  </CheckingStatus>
  <CheckingStatus>
    <BookName>JAS</BookName>
    <Check>ChapterVerse</Check>
    <MD5>EEAD992BCA220B0640B68AF563265AFE</MD5>
    <Date>2014-10-29T06:09:24.668512-05:00</Date>
    <Errors>0</Errors>
    <DeniedErrors>-19</DeniedErrors>
  </CheckingStatus>
  <CheckingStatus>
    <BookName>JAS</BookName>
    <Check>Marker</Check>
    <MD5>EEAD992BCA220B0640B68AF563265AFE</MD5>
    <Date>2014-10-29T06:09:24.671735-05:00</Date>
    <Errors>20</Errors>
    <DeniedErrors>0</DeniedErrors>
  </CheckingStatus>
  <CheckingStatus>
    <BookName>1PE</BookName>
    <Check>ChapterVerse</Check>
    <MD5>1DBF1148C0341E9E92A1DADA49B84924</MD5>
    <Date>2014-10-29T06:09:24.690761-05:00</Date>
    <Errors>0</Errors>
    <DeniedErrors>-20</DeniedErrors>
  </CheckingStatus>
  <CheckingStatus>
    <BookName>1PE</BookName>
    <Check>Marker</Check>
    <MD5>1DBF1148C0341E9E92A1DADA49B84924</MD5>
    <Date>2014-10-29T06:09:24.693395-05:00</Date>
    <Errors>21</Errors>
    <DeniedErrors>0</DeniedErrors>
  </CheckingStatus>
  <CheckingStatus>
    <BookName>2PE</BookName>
    <Check>ChapterVerse</Check>
    <MD5>B15C458A5851CF91D35EF85F32903747</MD5>
    <Date>2014-10-29T06:09:24.705427-05:00</Date>
    <Errors>0</Errors>
    <DeniedErrors>-21</DeniedErrors>
  </CheckingStatus>
  <CheckingStatus>
    <BookName>2PE</BookName>
    <Check>Marker</Check>
    <MD5>B15C458A5851CF91D35EF85F32903747</MD5>
    <Date>2014-10-29T06:09:24.707025-05:00</Date>
    <Errors>22</Errors>
    <DeniedErrors>0</DeniedErrors>
  </CheckingStatus>
  <CheckingStatus>
    <BookName>1JN</BookName>
    <Check>ChapterVerse</Check>
    <MD5>83610D2A41C07494E9093477F3E69570</MD5>
    <Date>2014-10-29T06:09:24.723062-05:00</Date>
    <Errors>0</Errors>
    <DeniedErrors>-22</DeniedErrors>
  </CheckingStatus>
  <CheckingStatus>
    <BookName>1JN</BookName>
    <Check>Marker</Check>
    <MD5>83610D2A41C07494E9093477F3E69570</MD5>
    <Date>2014-10-29T06:09:24.728729-05:00</Date>
    <Errors>23</Errors>
    <DeniedErrors>0</DeniedErrors>
  </CheckingStatus>
  <CheckingStatus>
    <BookName>2JN</BookName>
    <Check>ChapterVerse</Check>
    <MD5>A7D12D46F96ACA8AF70120B5401040DF</MD5>
    <Date>2014-10-29T06:09:24.732012-05:00</Date>
    <Errors>0</Errors>
    <DeniedErrors>-23</DeniedErrors>
  </CheckingStatus>
  <CheckingStatus>
    <BookName>2JN</BookName>
    <Check>Marker</Check>
    <MD5>A7D12D46F96ACA8AF70120B5401040DF</MD5>
    <Date>2014-10-29T06:09:24.732765-05:00</Date>
    <Errors>24</Errors>
    <DeniedErrors>0</DeniedErrors>
  </CheckingStatus>
  <CheckingStatus>
    <BookName>3JN</BookName>
    <Check>ChapterVerse</Check>
    <MD5>C700CF69B18F7A1CFF450D893A3B7EC4</MD5>
    <Date>2014-10-29T06:09:24.735848-05:00</Date>
    <Errors>0</Errors>
    <DeniedErrors>-24</DeniedErrors>
  </CheckingStatus>
  <CheckingStatus>
    <BookName>3JN</BookName>
    <Check>Marker</Check>
    <MD5>C700CF69B18F7A1CFF450D893A3B7EC4</MD5>
    <Date>2014-10-29T06:09:24.736568-05:00</Date>
    <Errors>25</Errors>
    <DeniedErrors>0</DeniedErrors>
  </CheckingStatus>
  <CheckingStatus>
    <BookName>JUD</BookName>
    <Check>ChapterVerse</Check>
    <MD5>85251F5F3376E2746322D7B305748D5D</MD5>
    <Date>2014-10-29T06:09:24.741425-05:00</Date>
    <Errors>0</Errors>
    <DeniedErrors>-25</DeniedErrors>
  </CheckingStatus>
  <CheckingStatus>
    <BookName>JUD</BookName>
    <Check>Marker</Check>
    <MD5>85251F5F3376E2746322D7B305748D5D</MD5>
    <Date>2014-10-29T06:09:24.742368-05:00</Date>
    <Errors>26</Errors>
    <DeniedErrors>0</DeniedErrors>
  </CheckingStatus>
  <CheckingStatus>
    <BookName>REV</BookName>
    <Check>ChapterVerse</Check>
    <MD5>D2CED3E1E0CA64A07BEA00646B756D44</MD5>
    <Date>2014-10-29T06:09:24.806636-05:00</Date>
    <Errors>0</Errors>
    <DeniedErrors>-26</DeniedErrors>
  </CheckingStatus>
  <CheckingStatus>
    <BookName>REV</BookName>
    <Check>Marker</Check>
    <MD5>D2CED3E1E0CA64A07BEA00646B756D44</MD5>
    <Date>2014-10-29T06:09:24.814528-05:00</Date>
    <Errors>27</Errors>
    <DeniedErrors>0</DeniedErrors>
  </CheckingStatus>
</CheckingStatuses>