﻿<?xml version="1.0" encoding="UTF-8"?>

<!--
File: Padauk_2.701.xml
Description:
This is a font settings file. All default settings for this font are specified here.

Todo:
1) Need to connect to an external DTD, schema, whatever for validation.

-->


<root>
    <section>
        <sectionID>FontInformation</sectionID>
        <description>General information for this typeface family.</description>
        <setting>
            <name>RPM Font Family Name</name>
            <key>rpmFontFamilyName</key>
            <description>The name of this typeface family used in the RPM system. This is to enable correct versioning of fonts in projects. This is the font family name followed by a date string of about when the font was produced/released. This name must be used when referencing a font, not just the font family name.</description>
            <type>string</type>
            <value>Padauk_2.701</value>
        </setting>
        <setting>
            <name>Font Family Name</name>
            <key>fontFamilyName</key>
            <description>The name of this typeface family.</description>
            <type>string</type>
            <value>Padauk</value>
        </setting>
        <setting>
            <name>Font ID</name>
            <key>fontID</key>
            <description>The internal ID code of this font family.</description>
            <type>string</type>
            <value>Padauk</value>
        </setting>
        <setting>
            <name>Font Folder</name>
            <key>fontFolder</key>
            <description>The font family folder name. This should match the RPM Font Family Name.</description>
            <type>string</type>
            <value>Padauk_2.701</value>
        </setting>
        <setting>
            <name>RPM Configuration Version</name>
            <key>rpmConfigurationVersion</key>
            <description>The version of this RPM font bundle. This should change whenever modifications are made to it.</description>
            <type>string</type>
            <value>0.6.r790</value>
        </setting>
        <setting>
            <name>Available Font Rendering Systems</name>
            <key>availableFontRenderingSystems</key>
            <description>[NOTE: More work needed on this] The font rendering systems this font supports.</description>
            <type>list</type>
            <value>GR</value>
        </setting>
        <setting>
            <name>Available Features</name>
            <key>availableFeatures</key>
            <description>[NOTE: More work needed on this] The feature codes that are available in the font and could be used by the rendering application.</description>
            <type>list</type>
            <value>krdot,fdot,lldt,wtri,ulon,utal,dotc,hsln,nnya</value>
        </setting>
        <setting>
            <name>Available Languages</name>
            <key>availableLanguages</key>
            <description>Particular languages this font supports. This does not limit the font to working well with other languages but some necessary font features may not be included in this font.</description>
            <type>list</type>
            <value>kyu,sgw</value>
        </setting>
        <setting>
            <name>Available Font Mappings</name>
            <key>availableFontMappings</key>
            <description>Alternate TECKit glyphe mappings included in the bundle that can be used with this font.</description>
            <type>list</type>
            <value>kye_renumber</value>
        </setting>
    </section>
    <section>
        <name>USFM TeX Mapping Information</name>
        <sectionID>TexMapping</sectionID>
        <description>This section contains all the information needed to map this font for use with the usfmTeX macro package used in TeX.</description>
        <section>
            <sectionID>PrimaryFont</sectionID>
            <description>Include information that will allow this font to be used as a primary font. This includes settings for regular, italic, bold, and bolditalic.</description>
            <setting>
                <name>Regular</name>
                <key>regular</key>
                <description>The \def setting for the usfmTeX regular typeface rendering.</description>
                <type>string</type>
                <value>\def\regular{"[esc:lsBracket][path:projFontFolder][pathSep]Padauk_2.701[pathSep]Padauk.ttf[esc:rsBracket][font:renderer][font:mapping][font:language][font:feature]"}</value>
            </setting>
            <setting>
                <name>Italic</name>
                <key>italic</key>
                <description>The \def setting for the usfmTeX italic typeface rendering.</description>
                <type>string</type>
                <value>\def\italic{"[esc:lsBracket][path:projFontFolder][pathSep]Padauk_2.701[pathSep]Padauk.ttf[esc:rsBracket][font:renderer][font:mapping][font:language][font:feature]"}</value>
            </setting>
            <setting>
                <name>Bold</name>
                <key>bold</key>
                <description>The \def setting for the usfmTeX bold typeface rendering.</description>
                <type>string</type>
                <value>\def\bold{"[esc:lsBracket][path:projFontFolder][pathSep]Padauk_2.701[pathSep]Padauk-Bold.ttf[esc:rsBracket][font:renderer][font:mapping][font:language][font:feature]"}</value>
            </setting>
            <setting>
                <name>BoldItalic</name>
                <key>bolditalic</key>
                <description>The \def setting for the usfmTeX bolditalic regular typeface rendering.</description>
                <type>string</type>
                <value>\def\bolditalic{"[esc:lsBracket][path:projFontFolder][pathSep]Padauk_2.701[pathSep]Padauk-Bold.ttf[esc:rsBracket][font:renderer][font:mapping][font:language][font:feature]"}</value>
            </setting>
        </section>
        <section>
            <sectionID>SecondaryFont</sectionID>
            <description>Include information that will allow this font to be used as a secondary font. This is not limited to a set number as in the primary font section.</description>
            <setting>
                <name>Padauk Regular</name>
                <key>padaukregular</key>
                <description>The \font setting for the regular typeface used in a secondary font context.</description>
                <type>string</type>
                <value>\font\padaukregular = "[esc:lsBracket][path:projFontFolder][pathSep]Padauk_2.701[pathSep]Padauk.ttf[esc:rsBracket][font:renderer][font:mapping][font:language][font:feature]" at 12pt</value>
            </setting>
            <setting>
                <name>Padauk Bold</name>
                <key>padaukbold</key>
                <description>The \font setting for the bold typeface used in a secondary font context.</description>
                <type>string</type>
                <value>\font\padaukbold = "[esc:lsBracket][path:projFontFolder][pathSep]Padauk_2.701[pathSep]Padauk-Bold.ttf[esc:rsBracket][font:renderer][font:mapping][font:language][font:feature]" at 12pt</value>
            </setting>
        </section>
    </section>
</root>

