﻿<?xml version="1.0" encoding="UTF-8"?>

<!--
File: BoonKitU.xml
Description:
This is a font settings file. All default settings for this font are specified here.

Todo:
1) Need to connect to an external DTD, schema, whatever for validation.

-->


<root>
    <section>
        <sectionID>FontInformation</sectionID>
        <description>General information for this typeface family.</description>
        <setting>
            <name>RPM Font Family Name</name>
            <key>rpmFontFamilyName</key>
            <description>The name of this typeface family used in the RPM system. This is to enable correct versioning of fonts in projects. This is the font family name followed by a date string of about when the font was produced/released. This name must be used when referencing a font, not just the font family name.</description>
            <type>string</type>
            <value>BoonKitU_0.33</value>
        </setting>
        <setting>
            <name>Font Family Name</name>
            <key>fontFamilyName</key>
            <description>The name of this typeface family.</description>
            <type>string</type>
            <value>BoonKitU</value>
        </setting>
        <setting>
            <name>Font ID</name>
            <key>fontID</key>
            <description>The internal ID code of this font family.</description>
            <type>string</type>
            <value>Boonkit</value>
        </setting>
        <setting>
            <name>Font Folder</name>
            <key>fontFolder</key>
            <description>The font family folder name. This should match the RPM Font Family Name.</description>
            <type>string</type>
            <value>BoonKitU_0.33</value>
        </setting>
        <setting>
            <name>RPM Configuration Version</name>
            <key>rpmConfigurationVersion</key>
            <description>The version of this RPM font bundle. This should change whenever modifications are made to it.</description>
            <type>string</type>
            <value>00.00.01</value>
        </setting>
        <setting>
            <name>Features</name>
            <key>features</key>
            <description>The feature codes that are included in the font and could be used by the rendering application.</description>
            <type>list</type>
            <value>GR</value>
        </setting>
        <setting>
            <name>Mappings</name>
            <key>mappings</key>
            <description>Alternate TECKit glyphe mappings included in the bundle that can be used with this font.</description>
            <type>list</type>
            <value>lana_renumber</value>
        </setting>
    </section>
    <section>
        <name>USFM TeX Mapping Information</name>
        <sectionID>UsfmTeX</sectionID>
        <description>This section contains all the information needed to map this font for use with the usfmTeX macro package used in TeX.</description>
        <section>
            <sectionID>PrimaryFont</sectionID>
            <description>Include information that will allow this font to be used as a primary font. This includes settings for regular, italic, bold, and bolditalic.</description>
            <setting>
                <name>Regular</name>
                <key>regular</key>
                <description>The \def setting for the usfmTeX regular typeface rendering.</description>
                <type>string</type>
                <value>\def\regular{"[^^path^^/BoonKitU.ttf]/GR"}</value>
            </setting>
            <setting>
                <name>Italic</name>
                <key>italic</key>
                <description>The \def setting for the usfmTeX italic typeface rendering.</description>
                <type>string</type>
                <value>\def\italic{"[^^path^^/BoonKitU.ttf]/GR"}</value>
            </setting>
            <setting>
                <name>Bold</name>
                <key>bold</key>
                <description>The \def setting for the usfmTeX bold typeface rendering.</description>
                <type>string</type>
                <value>\def\bold{"[^^path^^/BoonKitU.ttf]/GR"}</value>
            </setting>
            <setting>
                <name>BoldItalic</name>
                <key>bolditalic</key>
                <description>The \def setting for the usfmTeX bolditalic regular typeface rendering.</description>
                <type>string</type>
                <value>\def\bolditalic{"[^^path^^/BoonKitU.ttf]/GR"}</value>
            </setting>
        </section>
        <section>
            <sectionID>SecondaryFont</sectionID>
            <description>Include information that will allow this font to be used as a secondary font. This is not limited to a set number as in the primary font section.</description>
            <setting>
                <name>Boonkit Regular</name>
                <key>boonkitregular</key>
                <description>The \def setting for the regular typeface used in a secondary font context.</description>
                <type>string</type>
                <value>\def\boonkitregular{"[^^path^^/BoonKitU.ttf]/GR"}</value>
            </setting>
        </section>
    </section>
    <section>
        <name>Typeface Information</name>
        <sectionID>TypefaceInformation</sectionID>
        <description>Information about each of the typefaces in this font family. (One file per typeface.)</description>
        <section>
            <name>Typeface Regular</name>
            <sectionID>TypefaceRegular</sectionID>
            <description>Information about the regular typeface. BoonKitU only has one typeface at this point.</description>
            <setting>
                <name>File</name>
                <key>file</key>
                <description>File name for this typeface.</description>
                <type>string</type>
                <value>BoonKitU.ttf</value>
            </setting>
            <setting>
                <name>Name</name>
                <key>name</key>
                <description>The name for this typeface.</description>
                <type>string</type>
                <value>BoonKitU</value>
            </setting>
            <setting>
                <name>Style</name>
                <key>style</key>
                <description>The style of this typeface.</description>
                <type>string</type>
                <value>TuaMuang</value>
            </setting>
            <setting>
                <name>Type</name>
                <key>type</key>
                <description>The type of font for this typeface.</description>
                <type>string</type>
                <value>TrueType font</value>
            </setting>
            <setting>
                <name>Version</name>
                <key>version</key>
                <description>The version of this typeface.</description>
                <type>string</type>
                <value>0.33</value>
            </setting>
            <setting>
                <name>Font Copyright</name>
                <key>copyright</key>
                <description>The copyright information for this typeface.</description>
                <type>string</type>
                <value>Generated by Fontographer 4.1.2 Derived from Boonkit Special TuaMuang by ttfbuilder v0.33</value>
            </setting>
        </section>
    </section>
</root>

